design_id, tier                , n_mut, mutations_model                       , mutations_experimental                , dG_testosterone, dG_progesterone, dG_cortisol, dG_estradiol, gate_apo_A, gate_holo_A, gate_delta_A, gate_pass_1lig, rationale                                                                              , sequence
WT_AcrR  , reference           ,     0, (wild type)                           , (wild type)                           ,                ,                ,            ,             ,           ,            ,             ,               , Baseline sensor (assay fold-induction: test 135 / prog 60 / cort 104 / estr 0.8)       , MPGRGGILDAATRLFATHGVSGTSLQQIAGAAGITKAAVYHHFPTKEEVVAAVLAPALEAIDALVRTAEAHDEPRTRTEAAIIGLADQAVTHRQRWAVLLQDAAVEEYIRNDPGHDELFTRLRGLLTGPGPDPGTRLQVALFLSGLLGPAQDPSCADIDDDDLRAGIVRAGRLLLLDGAATG
E106L    , validated single-mut,     1, E106L                                 , E115L                                 ,                ,                ,            ,             ,           ,            ,             ,               , Wet-lab validated testosterone switch (assay: test 26 / prog 5.6 / cort 1.8 / estr 0.6), MPGRGGILDAATRLFATHGVSGTSLQQIAGAAGITKAAVYHHFPTKEEVVAAVLAPALEAIDALVRTAEAHDEPRTRTEAAIIGLADQAVTHRQRWAVLLQDAAVLEYIRNDPGHDELFTRLRGLLTGPGPDPGTRLQVALFLSGLLGPAQDPSCADIDDDDLRAGIVRAGRLLLLDGAATG
des0039  , primary             ,     6, I61L; L85I; L122F; L143I; L146I; L147F, I70L; L94I; L131F; L152I; L155I; L156F, -20.814        , -20.118        , -19.967    , -21.984     ,     33.327,      42.046,        8.719, True          , I61L+L85I core                                                                         , MPGRGGILDAATRLFATHGVSGTSLQQIAGAAGITKAAVYHHFPTKEEVVAAVLAPALEALDALVRTAEAHDEPRTRTEAAIIGIADQAVTHRQRWAVLLQDAAVEEYIRNDPGHDELFTRFRGLLTGPGPDPGTRLQVALFISGIFGPAQDPSCADIDDDDLRAGIVRAGRLLLLDGAATG
des0044  , primary             ,     5, I61L; L85I; L122F; L143I; L146I       , I70L; L94I; L131F; L152I; L155I       , -21.251        , -22.186        , -19.725    , -20.912     ,     33.773,      39.313,        5.54 , True          , I61L+L85I core                                                                         , MPGRGGILDAATRLFATHGVSGTSLQQIAGAAGITKAAVYHHFPTKEEVVAAVLAPALEALDALVRTAEAHDEPRTRTEAAIIGIADQAVTHRQRWAVLLQDAAVEEYIRNDPGHDELFTRFRGLLTGPGPDPGTRLQVALFISGILGPAQDPSCADIDDDDLRAGIVRAGRLLLLDGAATG
des0060  , primary             ,     3, I61L; L85I; L146I                     , I70L; L94I; L155I                     , -21.148        , -21.612        , -23.285    , -24.133     ,     34.357,      38.123,        3.766, True          , I61L+L85I core                                                                         , MPGRGGILDAATRLFATHGVSGTSLQQIAGAAGITKAAVYHHFPTKEEVVAAVLAPALEALDALVRTAEAHDEPRTRTEAAIIGIADQAVTHRQRWAVLLQDAAVEEYIRNDPGHDELFTRLRGLLTGPGPDPGTRLQVALFLSGILGPAQDPSCADIDDDDLRAGIVRAGRLLLLDGAATG
des0057  , secondary           ,     3, I61L; L122F; L146I                    , I70L; L131F; L155I                    , -20.325        , -22.121        , -22.036    , -21.637     ,     34.612,      40.391,        5.779, True          , D-ring gate-pass                                                                       , MPGRGGILDAATRLFATHGVSGTSLQQIAGAAGITKAAVYHHFPTKEEVVAAVLAPALEALDALVRTAEAHDEPRTRTEAAIIGLADQAVTHRQRWAVLLQDAAVEEYIRNDPGHDELFTRFRGLLTGPGPDPGTRLQVALFLSGILGPAQDPSCADIDDDDLRAGIVRAGRLLLLDGAATG
des0018  , secondary           ,     3, I61L; L143I; L146I                    , I70L; L152I; L155I                    , -21.063        , -21.316        , -22.222    , -23.132     ,     34.249,      39.454,        5.205, True          , D-ring gate-pass                                                                       , MPGRGGILDAATRLFATHGVSGTSLQQIAGAAGITKAAVYHHFPTKEEVVAAVLAPALEALDALVRTAEAHDEPRTRTEAAIIGLADQAVTHRQRWAVLLQDAAVEEYIRNDPGHDELFTRLRGLLTGPGPDPGTRLQVALFISGILGPAQDPSCADIDDDDLRAGIVRAGRLLLLDGAATG
des0007  , secondary           ,     4, I61L; L143I; L146I; L147I             , I70L; L152I; L155I; L156I             , -20.772        , -21.188        , -22.035    , -22.072     ,     34.93 ,      38.777,        3.847, True          , D-ring gate-pass                                                                       , MPGRGGILDAATRLFATHGVSGTSLQQIAGAAGITKAAVYHHFPTKEEVVAAVLAPALEALDALVRTAEAHDEPRTRTEAAIIGLADQAVTHRQRWAVLLQDAAVEEYIRNDPGHDELFTRLRGLLTGPGPDPGTRLQVALFISGIIGPAQDPSCADIDDDDLRAGIVRAGRLLLLDGAATG
des0003  , secondary           ,     3, L122I; L146I; L147I                   , L131I; L155I; L156I                   , -23.36         , -22.929        , -24.063    , -22.119     ,     35.364,      38.522,        3.158, True          , D-ring gate-pass                                                                       , MPGRGGILDAATRLFATHGVSGTSLQQIAGAAGITKAAVYHHFPTKEEVVAAVLAPALEAIDALVRTAEAHDEPRTRTEAAIIGLADQAVTHRQRWAVLLQDAAVEEYIRNDPGHDELFTRIRGLLTGPGPDPGTRLQVALFLSGIIGPAQDPSCADIDDDDLRAGIVRAGRLLLLDGAATG
